#,Name,Type 1,Índice,##,URL,,,,,,,,,
1,Bulbasaur,Grass,0,1,https://pok.gishan.cc/static/i/pokemon/1-150.avif,,,,,,,,,
2,Ivysaur,Grass,1,2,https://pok.gishan.cc/static/i/pokemon/2-150.avif,,,,,,,,,
3,Venusaur,Grass,2,3,https://pok.gishan.cc/static/i/pokemon/3-150.avif,,,,,,,,,
3,VenusaurMega Venusaur,Grass,3,3,https://pokemon.gishan.cc/static/i/p/mega-venusaur.avif,,,,,,,,,
4,Charmander,Fire,4,4,https://pok.gishan.cc/static/i/pokemon/4-150.avif,,,,,,,,,
5,Charmeleon,Fire,5,5,https://pok.gishan.cc/static/i/pokemon/5-150.avif,,,,,,,,,
6,CharizardMega Charizard X,Fire,6,6,https://pokemon.gishan.cc/static/i/p/mega-charizard-x.avif,,,,,,,,,
6,CharizardMega Charizard Y,Fire,7,6,https://pokemon.gishan.cc/static/i/p/mega-charizard-y.avif,,,,,,,,,
6,Charizard,Fire,8,6,https://pok.gishan.cc/static/i/pokemon/6-150.avif,,,,,,,,,
7,Squirtle,Water,9,7,https://pok.gishan.cc/static/i/pokemon/7-150.avif,,,,,,,,,
8,Wartortle,Water,10,8,https://pok.gishan.cc/static/i/pokemon/8-150.avif,,,,,,,,,
9,Blastoise,Water,11,9,https://pok.gishan.cc/static/i/pokemon/9-150.avif,,,,,,,,,
9,BlastoiseMega Blastoise,Water,12,9,https://pokemon.gishan.cc/static/i/p/mega-blastoise.avif,,,,,,,,,
10,Caterpie,Bug,13,10,https://pok.gishan.cc/static/i/pokemon/10-150.avif,,,,,,,,,
11,Metapod,Bug,14,11,https://pok.gishan.cc/static/i/pokemon/11-150.avif,,,,,,,,,
12,Butterfree,Bug,15,12,https://pok.gishan.cc/static/i/pokemon/12-150.avif,,,,,,,,,
13,Weedle,Bug,16,13,https://pok.gishan.cc/static/i/pokemon/13-150.avif,,,,,,,,,
14,Kakuna,Bug,17,14,https://pok.gishan.cc/static/i/pokemon/14-150.avif,,,,,,,,,
15,Beedrill,Bug,18,15,https://pok.gishan.cc/static/i/pokemon/15-150.avif,,,,,,,,,
15,BeedrillMega Beedrill,Bug,19,15,https://pokemon.gishan.cc/static/i/p/mega-beedril.avif,,,,,,,,,
16,Pidgey,Normal,20,16,https://pok.gishan.cc/static/i/pokemon/16-150.avif,,,,,,,,,
17,Pidgeotto,Normal,21,17,https://pok.gishan.cc/static/i/pokemon/17-150.avif,,,,,,,,,
18,Pidgeot,Normal,22,18,https://pok.gishan.cc/static/i/pokemon/18-150.avif,,,,,,,,,
18,PidgeotMega Pidgeot,Normal,23,18,https://pokemon.gishan.cc/static/i/p/mega-Pidgeot.avif,,,,,,,,,
19,Rattata,Normal,24,19,https://pok.gishan.cc/static/i/pokemon/19-150.avif,,,,,,,,,
20,Raticate,Normal,25,20,https://pok.gishan.cc/static/i/pokemon/20-150.avif,,,,,,,,,
21,Spearow,Normal,26,21,https://pok.gishan.cc/static/i/pokemon/21-150.avif,,,,,,,,,
22,Fearow,Normal,27,22,https://pok.gishan.cc/static/i/pokemon/22-150.avif,,,,,,,,,
23,Ekans,Poison,28,23,https://pok.gishan.cc/static/i/pokemon/23-150.avif,,,,,,,,,
24,Arbok,Poison,29,24,https://pok.gishan.cc/static/i/pokemon/24-150.avif,,,,,,,,,
25,Pikachu,Electric,30,25,https://pok.gishan.cc/static/i/pokemon/25-150.avif,,,,,,,,,
26,Raichu,Electric,31,26,https://pok.gishan.cc/static/i/pokemon/26-150.avif,,,,,,,,,
27,Sandshrew,Ground,32,27,https://pok.gishan.cc/static/i/pokemon/27-150.avif,,,,,,,,,
28,Sandslash,Ground,33,28,https://pok.gishan.cc/static/i/pokemon/28-150.avif,,,,,,,,,
29,Nidoran?,Poison,34,29,https://pok.gishan.cc/static/i/pokemon/29-150.avif,,,,,,,,,
30,Nidorina,Poison,35,30,https://pok.gishan.cc/static/i/pokemon/30-150.avif,,,,,,,,,
31,Nidoqueen,Poison,36,31,https://pok.gishan.cc/static/i/pokemon/31-150.avif,,,,,,,,,
32,Nidoran?,Poison,37,32,https://pok.gishan.cc/static/i/pokemon/32-150.avif,,,,,,,,,
33,Nidorino,Poison,38,33,https://pok.gishan.cc/static/i/pokemon/33-150.avif,,,,,,,,,
34,Nidoking,Poison,39,34,https://pok.gishan.cc/static/i/pokemon/34-150.avif,,,,,,,,,
35,Clefairy,Fairy,40,35,https://pok.gishan.cc/static/i/pokemon/35-150.avif,,,,,,,,,
36,Clefable,Fairy,41,36,https://pok.gishan.cc/static/i/pokemon/36-150.avif,,,,,,,,,
37,Vulpix,Fire,42,37,https://pok.gishan.cc/static/i/pokemon/37-150.avif,,,,,,,,,
38,Ninetales,Fire,43,38,https://pok.gishan.cc/static/i/pokemon/38-150.avif,,,,,,,,,
39,Jigglypuff,Normal,44,39,https://pok.gishan.cc/static/i/pokemon/39-150.avif,,,,,,,,,
40,Wigglytuff,Normal,45,40,https://pok.gishan.cc/static/i/pokemon/40-150.avif,,,,,,,,,
41,Zubat,Poison,46,41,https://pok.gishan.cc/static/i/pokemon/41-150.avif,,,,,,,,,
42,Golbat,Poison,47,42,https://pok.gishan.cc/static/i/pokemon/42-150.avif,,,,,,,,,
43,Oddish,Grass,48,43,https://pok.gishan.cc/static/i/pokemon/43-150.avif,,,,,,,,,
44,Gloom,Grass,49,44,https://pok.gishan.cc/static/i/pokemon/44-150.avif,,,,,,,,,
45,Vileplume,Grass,50,45,https://pok.gishan.cc/static/i/pokemon/45-150.avif,,,,,,,,,
46,Paras,Bug,51,46,https://pok.gishan.cc/static/i/pokemon/46-150.avif,,,,,,,,,
47,Parasect,Bug,52,47,https://pok.gishan.cc/static/i/pokemon/47-150.avif,,,,,,,,,
48,Venonat,Bug,53,48,https://pok.gishan.cc/static/i/pokemon/48-150.avif,,,,,,,,,
49,Venomoth,Bug,54,49,https://pok.gishan.cc/static/i/pokemon/49-150.avif,,,,,,,,,
50,Diglett,Ground,55,50,https://pok.gishan.cc/static/i/pokemon/50-150.avif,,,,,,,,,
51,Dugtrio,Ground,56,51,https://pok.gishan.cc/static/i/pokemon/51-150.avif,,,,,,,,,
52,Meowth,Normal,57,52,https://pok.gishan.cc/static/i/pokemon/52-150.avif,,,,,,,,,
53,Persian,Normal,58,53,https://pok.gishan.cc/static/i/pokemon/53-150.avif,,,,,,,,,
54,Psyduck,Water,59,54,https://pok.gishan.cc/static/i/pokemon/54-150.avif,,,,,,,,,
55,Golduck,Water,60,55,https://pok.gishan.cc/static/i/pokemon/55-150.avif,,,,,,,,,
56,Mankey,Fighting,61,56,https://pok.gishan.cc/static/i/pokemon/56-150.avif,,,,,,,,,
57,Primeape,Fighting,62,57,https://pok.gishan.cc/static/i/pokemon/57-150.avif,,,,,,,,,
58,Growlithe,Fire,63,58,https://pok.gishan.cc/static/i/pokemon/58-150.avif,,,,,,,,,
59,Arcanine,Fire,64,59,https://pok.gishan.cc/static/i/pokemon/59-150.avif,,,,,,,,,
60,Poliwag,Water,65,60,https://pok.gishan.cc/static/i/pokemon/60-150.avif,,,,,,,,,
61,Poliwhirl,Water,66,61,https://pok.gishan.cc/static/i/pokemon/61-150.avif,,,,,,,,,
62,Poliwrath,Water,67,62,https://pok.gishan.cc/static/i/pokemon/62-150.avif,,,,,,,,,
64,Kadabra,Psychic,68,64,https://pok.gishan.cc/static/i/pokemon/64-150.avif,,,,,,,,,
65,Alakazam,Psychic,69,65,https://pok.gishan.cc/static/i/pokemon/65-150.avif,,,,,,,,,
65,AlakazamMega Alakazam,Psychic,70,65,https://pokemon.gishan.cc/static/i/p/mega-alakazam.avif,,,,,,,,,
66,Machop,Fighting,71,66,https://pok.gishan.cc/static/i/pokemon/66-150.avif,,,,,,,,,
67,Machoke,Fighting,72,67,https://pok.gishan.cc/static/i/pokemon/67-150.avif,,,,,,,,,
68,Machamp,Fighting,73,68,https://pok.gishan.cc/static/i/pokemon/68-150.avif,,,,,,,,,
69,Bellsprout,Grass,74,69,https://pok.gishan.cc/static/i/pokemon/69-150.avif,,,,,,,,,
70,Weepinbell,Grass,75,70,https://pok.gishan.cc/static/i/pokemon/70-150.avif,,,,,,,,,
71,Victreebel,Grass,76,71,https://pok.gishan.cc/static/i/pokemon/71-150.avif,,,,,,,,,
72,Tentacool,Water,77,72,https://pok.gishan.cc/static/i/pokemon/72-150.avif,,,,,,,,,
73,Tentacruel,Water,78,73,https://pok.gishan.cc/static/i/pokemon/73-150.avif,,,,,,,,,
74,Geodude,Rock,79,74,https://pok.gishan.cc/static/i/pokemon/74-150.avif,,,,,,,,,
75,Graveler,Rock,80,75,https://pok.gishan.cc/static/i/pokemon/75-150.avif,,,,,,,,,
76,Golem,Rock,81,76,https://pok.gishan.cc/static/i/pokemon/76-150.avif,,,,,,,,,
77,Ponyta,Fire,82,77,https://pok.gishan.cc/static/i/pokemon/77-150.avif,,,,,,,,,
78,Rapidash,Fire,83,78,https://pok.gishan.cc/static/i/pokemon/78-150.avif,,,,,,,,,
79,Slowpoke,Water,84,79,https://pok.gishan.cc/static/i/pokemon/79-150.avif,,,,,,,,,
80,Slowbro,Water,85,80,https://pok.gishan.cc/static/i/pokemon/80-150.avif,,,,,,,,,
80,SlowbroMega Slowbro,Water,86,80,https://pokemon.gishan.cc/static/i/p/mega-slowbro.avif,,,,,,,,,
81,Magnemite,Electric,87,81,https://pok.gishan.cc/static/i/pokemon/81-150.avif,,,,,,,,,
82,Magneton,Electric,88,82,https://pok.gishan.cc/static/i/pokemon/82-150.avif,,,,,,,,,
83,Farfetch'd,Normal,89,83,https://pok.gishan.cc/static/i/pokemon/83-150.avif,,,,,,,,,
84,Doduo,Normal,90,84,https://pok.gishan.cc/static/i/pokemon/84-150.avif,,,,,,,,,
85,Dodrio,Normal,91,85,https://pok.gishan.cc/static/i/pokemon/85-150.avif,,,,,,,,,
86,Seel,Water,92,86,https://pok.gishan.cc/static/i/pokemon/86-150.avif,,,,,,,,,
87,Dewgong,Water,93,87,https://pok.gishan.cc/static/i/pokemon/87-150.avif,,,,,,,,,
88,Grimer,Poison,94,88,https://pok.gishan.cc/static/i/pokemon/88-150.avif,,,,,,,,,
89,Muk,Poison,95,89,https://pok.gishan.cc/static/i/pokemon/89-150.avif,,,,,,,,,
90,Shellder,Water,96,90,https://pok.gishan.cc/static/i/pokemon/90-150.avif,,,,,,,,,
91,Cloyster,Water,97,91,https://pok.gishan.cc/static/i/pokemon/91-150.avif,,,,,,,,,
92,Gastly,Ghost,98,92,https://pok.gishan.cc/static/i/pokemon/92-150.avif,,,,,,,,,
93,Haunter,Ghost,99,93,https://pok.gishan.cc/static/i/pokemon/93-150.avif,,,,,,,,,
94,Gengar,Ghost,100,94,https://pok.gishan.cc/static/i/pokemon/94-150.avif,,,,,,,,,
94,GengarMega Gengar,Ghost,101,94,https://pokemon.gishan.cc/static/i/p/mega-gengar.avif,,,,,,,,,
95,Onix,Rock,102,95,https://pok.gishan.cc/static/i/pokemon/95-150.avif,,,,,,,,,
96,Drowzee,Psychic,103,96,https://pok.gishan.cc/static/i/pokemon/96-150.avif,,,,,,,,,
97,Hypno,Psychic,104,97,https://pok.gishan.cc/static/i/pokemon/97-150.avif,,,,,,,,,
98,Krabby,Water,105,98,https://pok.gishan.cc/static/i/pokemon/98-150.avif,,,,,,,,,
99,Kingler,Water,106,99,https://pok.gishan.cc/static/i/pokemon/99-150.avif,,,,,,,,,
100,Voltorb,Electric,107,100,https://pok.gishan.cc/static/i/pokemon/100-150.avif,,,,,,,,,
101,Electrode,Electric,108,101,https://pok.gishan.cc/static/i/pokemon/101-150.avif,,,,,,,,,
102,Exeggcute,Grass,109,102,https://pok.gishan.cc/static/i/pokemon/102-150.avif,,,,,,,,,
103,Exeggutor,Grass,110,103,https://pok.gishan.cc/static/i/pokemon/103-150.avif,,,,,,,,,
104,Cubone,Ground,111,104,https://pok.gishan.cc/static/i/pokemon/104-150.avif,,,,,,,,,
105,Marowak,Ground,112,105,https://pok.gishan.cc/static/i/pokemon/105-150.avif,,,,,,,,,
106,Hitmonlee,Fighting,113,106,https://pok.gishan.cc/static/i/pokemon/106-150.avif,,,,,,,,,
107,Hitmonchan,Fighting,114,107,https://pok.gishan.cc/static/i/pokemon/107-150.avif,,,,,,,,,
108,Lickitung,Normal,115,108,https://pok.gishan.cc/static/i/pokemon/108-150.avif,,,,,,,,,
109,Koffing,Poison,116,109,https://pok.gishan.cc/static/i/pokemon/109-150.avif,,,,,,,,,
110,Weezing,Poison,117,110,https://pok.gishan.cc/static/i/pokemon/110-150.avif,,,,,,,,,
111,Rhyhorn,Ground,118,111,https://pok.gishan.cc/static/i/pokemon/111-150.avif,,,,,,,,,
112,Rhydon,Ground,119,112,https://pok.gishan.cc/static/i/pokemon/112-150.avif,,,,,,,,,
113,Chansey,Normal,120,113,https://pok.gishan.cc/static/i/pokemon/113-150.avif,,,,,,,,,
114,Tangela,Grass,121,114,https://pok.gishan.cc/static/i/pokemon/114-150.avif,,,,,,,,,
115,Kangaskhan,Normal,122,115,https://pok.gishan.cc/static/i/pokemon/115-150.avif,,,,,,,,,
115,KangaskhanMega Kangaskhan,Normal,123,115,https://pokemon.gishan.cc/static/i/p/mega-kangaskhan.avif,,,,,,,,,
116,Horsea,Water,124,116,https://pok.gishan.cc/static/i/pokemon/116-150.avif,,,,,,,,,
117,Seadra,Water,125,117,https://pok.gishan.cc/static/i/pokemon/117-150.avif,,,,,,,,,
118,Goldeen,Water,126,118,https://pok.gishan.cc/static/i/pokemon/118-150.avif,,,,,,,,,
119,Seaking,Water,127,119,https://pok.gishan.cc/static/i/pokemon/119-150.avif,,,,,,,,,
120,Staryu,Water,128,120,https://pok.gishan.cc/static/i/pokemon/120-150.avif,,,,,,,,,
121,Starmie,Water,129,121,https://pok.gishan.cc/static/i/pokemon/121-150.avif,,,,,,,,,
122,Mr. Mime,Psychic,130,122,https://pok.gishan.cc/static/i/pokemon/122-150.avif,,,,,,,,,
123,Scyther,Bug,131,123,https://pok.gishan.cc/static/i/pokemon/123-150.avif,,,,,,,,,
124,Jynx,Ice,132,124,https://pok.gishan.cc/static/i/pokemon/124-150.avif,,,,,,,,,
125,Electabuzz,Electric,133,125,https://pok.gishan.cc/static/i/pokemon/125-150.avif,,,,,,,,,
126,Magmar,Fire,134,126,https://pok.gishan.cc/static/i/pokemon/126-150.avif,,,,,,,,,
127,Pinsir,Bug,135,127,https://pok.gishan.cc/static/i/pokemon/127-150.avif,,,,,,,,,
127,PinsirMega Pinsir,Bug,136,127,https://pokemon.gishan.cc/static/i/p/mega-pinsir.avif,,,,,,,,,
128,Tauros,Normal,137,128,https://pok.gishan.cc/static/i/pokemon/128-150.avif,,,,,,,,,
129,Magikarp,Water,138,129,https://pok.gishan.cc/static/i/pokemon/129-150.avif,,,,,,,,,
130,Gyarados,Water,139,130,https://pok.gishan.cc/static/i/pokemon/130-150.avif,,,,,,,,,
130,GyaradosMega Gyarados,Water,140,130,https://pokemon.gishan.cc/static/i/p/mega-gyarados.avif,,,,,,,,,
131,Lapras,Water,141,131,https://pok.gishan.cc/static/i/pokemon/131-150.avif,,,,,,,,,
132,Ditto,Normal,142,132,https://pok.gishan.cc/static/i/pokemon/132-150.avif,,,,,,,,,
133,Eevee,Normal,143,133,https://pok.gishan.cc/static/i/pokemon/133-150.avif,,,,,,,,,
134,Vaporeon,Water,144,134,https://pok.gishan.cc/static/i/pokemon/134-150.avif,,,,,,,,,
135,Jolteon,Electric,145,135,https://pok.gishan.cc/static/i/pokemon/135-150.avif,,,,,,,,,
136,Flareon,Fire,146,136,https://pok.gishan.cc/static/i/pokemon/136-150.avif,,,,,,,,,
137,Porygon,Normal,147,137,https://pok.gishan.cc/static/i/pokemon/137-150.avif,,,,,,,,,
138,Omanyte,Rock,148,138,https://pok.gishan.cc/static/i/pokemon/138-150.avif,,,,,,,,,
139,Omastar,Rock,149,139,https://pok.gishan.cc/static/i/pokemon/139-150.avif,,,,,,,,,
140,Kabuto,Rock,150,140,https://pok.gishan.cc/static/i/pokemon/140-150.avif,,,,,,,,,
141,Kabutops,Rock,151,141,https://pok.gishan.cc/static/i/pokemon/141-150.avif,,,,,,,,,
142,Aerodactyl,Rock,152,142,https://pok.gishan.cc/static/i/pokemon/142-150.avif,,,,,,,,,
142,AerodactylMega Aerodactyl,Rock,153,142,https://pokemon.gishan.cc/static/i/p/mega-aerodactyl.avif,,,,,,,,,
143,Snorlax,Normal,154,143,https://pok.gishan.cc/static/i/pokemon/143-150.avif,,,,,,,,,
144,Articuno,Ice,155,144,https://pok.gishan.cc/static/i/pokemon/144-150.avif,,,,,,,,,
145,Zapdos,Electric,156,145,https://pok.gishan.cc/static/i/pokemon/145-150.avif,,,,,,,,,
146,Moltres,Fire,157,146,https://pok.gishan.cc/static/i/pokemon/146-150.avif,,,,,,,,,
147,Dratini,Dragon,158,147,https://pok.gishan.cc/static/i/pokemon/147-150.avif,,,,,,,,,
148,Dragonair,Dragon,159,148,https://pok.gishan.cc/static/i/pokemon/148-150.avif,,,,,,,,,
149,Dragonite,Dragon,160,149,https://pok.gishan.cc/static/i/pokemon/149-150.avif,,,,,,,,,
150,Mewtwo,Psychic,161,150,https://pok.gishan.cc/static/i/pokemon/150-150.avif,,,,,,,,,
150,MewtwoMega Mewtwo X,Psychic,162,150,https://www.pokemon.com/static-assets/content-assets/cms2/img/pokedex/full/150_f2.png,,,,,,,,,
150,MewtwoMega Mewtwo Y,Psychic,163,150,https://static.wikia.nocookie.net/victoryroad/images/5/58/XYArt_Mega_Mewtwo_Y.png/revision/latest?cb=20131011190836,,,,,,,,,
151,Mew,Psychic,164,151,https://pok.gishan.cc/static/i/pokemon/151-150.avif,,,,,,,,,
152,Chikorita,Grass,165,152,https://pok.gishan.cc/static/i/pokemon/152-150.avif,,,,,,,,,
153,Bayleef,Grass,166,153,https://pok.gishan.cc/static/i/pokemon/153-150.avif,,,,,,,,,
154,Meganium,Grass,167,154,https://pok.gishan.cc/static/i/pokemon/154-150.avif,,,,,,,,,
155,Cyndaquil,Fire,168,155,https://pok.gishan.cc/static/i/pokemon/155-150.avif,,,,,,,,,
156,Quilava,Fire,169,156,https://pok.gishan.cc/static/i/pokemon/156-150.avif,,,,,,,,,
157,Typhlosion,Fire,170,157,https://pok.gishan.cc/static/i/pokemon/157-150.avif,,,,,,,,,
158,Totodile,Water,171,158,https://pok.gishan.cc/static/i/pokemon/158-150.avif,,,,,,,,,
159,Croconaw,Water,172,159,https://pok.gishan.cc/static/i/pokemon/159-150.avif,,,,,,,,,
160,Feraligatr,Water,173,160,https://pok.gishan.cc/static/i/pokemon/160-150.avif,,,,,,,,,
161,Sentret,Normal,174,161,https://pok.gishan.cc/static/i/pokemon/161-150.avif,,,,,,,,,
162,Furret,Normal,175,162,https://pok.gishan.cc/static/i/pokemon/162-150.avif,,,,,,,,,
163,Hoothoot,Normal,176,163,https://pok.gishan.cc/static/i/pokemon/163-150.avif,,,,,,,,,
164,Noctowl,Normal,177,164,https://pok.gishan.cc/static/i/pokemon/164-150.avif,,,,,,,,,
165,Ledyba,Bug,178,165,https://pok.gishan.cc/static/i/pokemon/165-150.avif,,,,,,,,,
166,Ledian,Bug,179,166,https://pok.gishan.cc/static/i/pokemon/166-150.avif,,,,,,,,,
167,Spinarak,Bug,180,167,https://pok.gishan.cc/static/i/pokemon/167-150.avif,,,,,,,,,
168,Ariados,Bug,181,168,https://pok.gishan.cc/static/i/pokemon/168-150.avif,,,,,,,,,
169,Crobat,Poison,182,169,https://pok.gishan.cc/static/i/pokemon/169-150.avif,,,,,,,,,
170,Chinchou,Water,183,170,https://pok.gishan.cc/static/i/pokemon/170-150.avif,,,,,,,,,
171,Lanturn,Water,184,171,https://pok.gishan.cc/static/i/pokemon/171-150.avif,,,,,,,,,
172,Pichu,Electric,185,172,https://pok.gishan.cc/static/i/pokemon/172-150.avif,,,,,,,,,
173,Cleffa,Fairy,186,173,https://pok.gishan.cc/static/i/pokemon/173-150.avif,,,,,,,,,
174,Igglybuff,Normal,187,174,https://pok.gishan.cc/static/i/pokemon/174-150.avif,,,,,,,,,
175,Togepi,Fairy,188,175,https://pok.gishan.cc/static/i/pokemon/175-150.avif,,,,,,,,,
176,Togetic,Fairy,189,176,https://pok.gishan.cc/static/i/pokemon/176-150.avif,,,,,,,,,
177,Natu,Psychic,190,177,https://pok.gishan.cc/static/i/pokemon/177-150.avif,,,,,,,,,
178,Xatu,Psychic,191,178,https://pok.gishan.cc/static/i/pokemon/178-150.avif,,,,,,,,,
179,Mareep,Electric,192,179,https://pok.gishan.cc/static/i/pokemon/179-150.avif,,,,,,,,,
180,Flaaffy,Electric,193,180,https://pok.gishan.cc/static/i/pokemon/180-150.avif,,,,,,,,,
181,Ampharos,Electric,194,181,https://pok.gishan.cc/static/i/pokemon/181-150.avif,,,,,,,,,
181,AmpharosMega Ampharos,Electric,195,181,https://pokemon.gishan.cc/static/i/p/mega-ampharos.avif,,,,,,,,,
182,Bellossom,Grass,196,182,https://pok.gishan.cc/static/i/pokemon/182-150.avif,,,,,,,,,
183,Marill,Water,197,183,https://pok.gishan.cc/static/i/pokemon/183-150.avif,,,,,,,,,
184,Azumarill,Water,198,184,https://pok.gishan.cc/static/i/pokemon/184-150.avif,,,,,,,,,
185,Sudowoodo,Rock,199,185,https://pok.gishan.cc/static/i/pokemon/185-150.avif,,,,,,,,,
186,Politoed,Water,200,186,https://pok.gishan.cc/static/i/pokemon/186-150.avif,,,,,,,,,
187,Hoppip,Grass,201,187,https://pok.gishan.cc/static/i/pokemon/187-150.avif,,,,,,,,,
188,Skiploom,Grass,202,188,https://pok.gishan.cc/static/i/pokemon/188-150.avif,,,,,,,,,
189,Jumpluff,Grass,203,189,https://pok.gishan.cc/static/i/pokemon/189-150.avif,,,,,,,,,
190,Aipom,Normal,204,190,https://pok.gishan.cc/static/i/pokemon/190-150.avif,,,,,,,,,
191,Sunkern,Grass,205,191,https://pok.gishan.cc/static/i/pokemon/191-150.avif,,,,,,,,,
192,Sunflora,Grass,206,192,https://pok.gishan.cc/static/i/pokemon/192-150.avif,,,,,,,,,
193,Yanma,Bug,207,193,https://pok.gishan.cc/static/i/pokemon/193-150.avif,,,,,,,,,
194,Wooper,Water,208,194,https://pok.gishan.cc/static/i/pokemon/194-150.avif,,,,,,,,,
195,Quagsire,Water,209,195,https://pok.gishan.cc/static/i/pokemon/195-150.avif,,,,,,,,,
196,Espeon,Psychic,210,196,https://pok.gishan.cc/static/i/pokemon/196-150.avif,,,,,,,,,
197,Umbreon,Dark,211,197,https://pok.gishan.cc/static/i/pokemon/197-150.avif,,,,,,,,,
198,Murkrow,Dark,212,198,https://pok.gishan.cc/static/i/pokemon/198-150.avif,,,,,,,,,
199,Slowking,Water,213,199,https://pok.gishan.cc/static/i/pokemon/199-150.avif,,,,,,,,,
200,Misdreavus,Ghost,214,200,https://pok.gishan.cc/static/i/pokemon/200-150.avif,,,,,,,,,
201,Unown,Psychic,215,201,https://pok.gishan.cc/static/i/pokemon/201-150.avif,,,,,,,,,
202,Wobbuffet,Psychic,216,202,https://pok.gishan.cc/static/i/pokemon/202-150.avif,,,,,,,,,
203,Girafarig,Normal,217,203,https://pok.gishan.cc/static/i/pokemon/203-150.avif,,,,,,,,,
204,Pineco,Bug,218,204,https://pok.gishan.cc/static/i/pokemon/204-150.avif,,,,,,,,,
205,Forretress,Bug,219,205,https://pok.gishan.cc/static/i/pokemon/205-150.avif,,,,,,,,,
206,Dunsparce,Normal,220,206,https://pok.gishan.cc/static/i/pokemon/206-150.avif,,,,,,,,,
207,Gligar,Ground,221,207,https://pok.gishan.cc/static/i/pokemon/207-150.avif,,,,,,,,,
208,Steelix,Steel,222,208,https://pok.gishan.cc/static/i/pokemon/208-150.avif,,,,,,,,,
208,SteelixMega Steelix,Steel,223,208,https://pokemon.gishan.cc/static/i/p/mega-steelix.avif,,,,,,,,,
209,Snubbull,Fairy,224,209,https://pok.gishan.cc/static/i/pokemon/209-150.avif,,,,,,,,,
210,Granbull,Fairy,225,210,https://pok.gishan.cc/static/i/pokemon/210-150.avif,,,,,,,,,
211,Qwilfish,Water,226,211,https://pok.gishan.cc/static/i/pokemon/211-150.avif,,,,,,,,,
212,Scizor,Bug,227,212,https://pok.gishan.cc/static/i/pokemon/212-150.avif,,,,,,,,,
212,ScizorMega Scizor,Bug,228,212,https://pokemon.gishan.cc/static/i/p/mega-scizor.avif,,,,,,,,,
213,Shuckle,Bug,229,213,https://pok.gishan.cc/static/i/pokemon/213-150.avif,,,,,,,,,
214,Heracross,Bug,230,214,https://pok.gishan.cc/static/i/pokemon/214-150.avif,,,,,,,,,
214,HeracrossMega Heracross,Bug,231,214,https://pokemon.gishan.cc/static/i/p/mega-heracross.avif,,,,,,,,,
215,Sneasel,Dark,232,215,https://pok.gishan.cc/static/i/pokemon/215-150.avif,,,,,,,,,
216,Teddiursa,Normal,233,216,https://pok.gishan.cc/static/i/pokemon/216-150.avif,,,,,,,,,
217,Ursaring,Normal,234,217,https://pok.gishan.cc/static/i/pokemon/217-150.avif,,,,,,,,,
218,Slugma,Fire,235,218,https://pok.gishan.cc/static/i/pokemon/218-150.avif,,,,,,,,,
219,Magcargo,Fire,236,219,https://pok.gishan.cc/static/i/pokemon/219-150.avif,,,,,,,,,
220,Swinub,Ice,237,220,https://pok.gishan.cc/static/i/pokemon/220-150.avif,,,,,,,,,
221,Piloswine,Ice,238,221,https://pok.gishan.cc/static/i/pokemon/221-150.avif,,,,,,,,,
222,Corsola,Water,239,222,https://pok.gishan.cc/static/i/pokemon/222-150.avif,,,,,,,,,
223,Remoraid,Water,240,223,https://pok.gishan.cc/static/i/pokemon/223-150.avif,,,,,,,,,
224,Octillery,Water,241,224,https://pok.gishan.cc/static/i/pokemon/224-150.avif,,,,,,,,,
225,Delibird,Ice,242,225,https://pok.gishan.cc/static/i/pokemon/225-150.avif,,,,,,,,,
226,Mantine,Water,243,226,https://pok.gishan.cc/static/i/pokemon/226-150.avif,,,,,,,,,
227,Skarmory,Steel,244,227,https://pok.gishan.cc/static/i/pokemon/227-150.avif,,,,,,,,,
228,Houndour,Dark,245,228,https://pok.gishan.cc/static/i/pokemon/228-150.avif,,,,,,,,,
229,Houndoom,Dark,246,229,https://pok.gishan.cc/static/i/pokemon/229-150.avif,,,,,,,,,
229,HoundoomMega Houndoom,Dark,247,229,https://pokemon.gishan.cc/static/i/p/mega-houndoom.avif,,,,,,,,,
230,Kingdra,Water,248,230,https://pok.gishan.cc/static/i/pokemon/230-150.avif,,,,,,,,,
231,Phanpy,Ground,249,231,https://pok.gishan.cc/static/i/pokemon/231-150.avif,,,,,,,,,
232,Donphan,Ground,250,232,https://pok.gishan.cc/static/i/pokemon/232-150.avif,,,,,,,,,
233,Porygon2,Normal,251,233,https://pok.gishan.cc/static/i/pokemon/233-150.avif,,,,,,,,,
234,Stantler,Normal,252,234,https://pok.gishan.cc/static/i/pokemon/234-150.avif,,,,,,,,,
235,Smeargle,Normal,253,235,https://pok.gishan.cc/static/i/pokemon/235-150.avif,,,,,,,,,
236,Tyrogue,Fighting,254,236,https://pok.gishan.cc/static/i/pokemon/236-150.avif,,,,,,,,,
237,Hitmontop,Fighting,255,237,https://pok.gishan.cc/static/i/pokemon/237-150.avif,,,,,,,,,
238,Smoochum,Ice,256,238,https://pok.gishan.cc/static/i/pokemon/238-150.avif,,,,,,,,,
239,Elekid,Electric,257,239,https://pok.gishan.cc/static/i/pokemon/239-150.avif,,,,,,,,,
240,Magby,Fire,258,240,https://pok.gishan.cc/static/i/pokemon/240-150.avif,,,,,,,,,
241,Miltank,Normal,259,241,https://pok.gishan.cc/static/i/pokemon/241-150.avif,,,,,,,,,
242,Blissey,Normal,260,242,https://pok.gishan.cc/static/i/pokemon/242-150.avif,,,,,,,,,
243,Raikou,Electric,261,243,https://pok.gishan.cc/static/i/pokemon/243-150.avif,,,,,,,,,
244,Entei,Fire,262,244,https://pok.gishan.cc/static/i/pokemon/244-150.avif,,,,,,,,,
245,Suicune,Water,263,245,https://pok.gishan.cc/static/i/pokemon/245-150.avif,,,,,,,,,
246,Larvitar,Rock,264,246,https://pok.gishan.cc/static/i/pokemon/246-150.avif,,,,,,,,,
247,Pupitar,Rock,265,247,https://pok.gishan.cc/static/i/pokemon/247-150.avif,,,,,,,,,
248,Tyranitar,Rock,266,248,https://pok.gishan.cc/static/i/pokemon/248-150.avif,,,,,,,,,
248,TyranitarMega Tyranitar,Rock,267,248,https://pokemon.gishan.cc/static/i/p/mega-tyranitar.avif,,,,,,,,,
249,Lugia,Psychic,268,249,https://pok.gishan.cc/static/i/pokemon/249-150.avif,,,,,,,,,
250,Ho-oh,Fire,269,250,https://pok.gishan.cc/static/i/pokemon/250-150.avif,,,,,,,,,
251,Celebi,Psychic,270,251,https://pok.gishan.cc/static/i/pokemon/251-150.avif,,,,,,,,,
252,Treecko,Grass,271,252,https://pok.gishan.cc/static/i/pokemon/252-150.avif,,,,,,,,,
253,Grovyle,Grass,272,253,https://pok.gishan.cc/static/i/pokemon/253-150.avif,,,,,,,,,
254,Sceptile,Grass,273,254,https://pok.gishan.cc/static/i/pokemon/254-150.avif,,,,,,,,,
254,SceptileMega Sceptile,Grass,274,254,https://pokemon.gishan.cc/static/i/p/mega-sceptile.avif,,,,,,,,,
255,Torchic,Fire,275,255,https://pok.gishan.cc/static/i/pokemon/255-150.avif,,,,,,,,,
256,Combusken,Fire,276,256,https://pok.gishan.cc/static/i/pokemon/256-150.avif,,,,,,,,,
257,Blaziken,Fire,277,257,https://pok.gishan.cc/static/i/pokemon/257-150.avif,,,,,,,,,
257,BlazikenMega Blaziken,Fire,278,257,https://pokemon.gishan.cc/static/i/p/mega-blaziken.avif,,,,,,,,,
258,Mudkip,Water,279,258,https://pok.gishan.cc/static/i/pokemon/258-150.avif,,,,,,,,,
259,Marshtomp,Water,280,259,https://pok.gishan.cc/static/i/pokemon/259-150.avif,,,,,,,,,
260,Swampert,Water,281,260,https://pok.gishan.cc/static/i/pokemon/260-150.avif,,,,,,,,,
260,SwampertMega Swampert,Water,282,260,https://pokemon.gishan.cc/static/i/p/mega-swampert.avif,,,,,,,,,
261,Poochyena,Dark,283,261,https://pok.gishan.cc/static/i/pokemon/261-150.avif,,,,,,,,,
262,Mightyena,Dark,284,262,https://pok.gishan.cc/static/i/pokemon/262-150.avif,,,,,,,,,
263,Zigzagoon,Normal,285,263,https://pok.gishan.cc/static/i/pokemon/263-150.avif,,,,,,,,,
264,Linoone,Normal,286,264,https://pok.gishan.cc/static/i/pokemon/264-150.avif,,,,,,,,,
265,Wurmple,Bug,287,265,https://pok.gishan.cc/static/i/pokemon/265-150.avif,,,,,,,,,
266,Silcoon,Bug,288,266,https://pok.gishan.cc/static/i/pokemon/266-150.avif,,,,,,,,,
267,Beautifly,Bug,289,267,https://pok.gishan.cc/static/i/pokemon/267-150.avif,,,,,,,,,
268,Cascoon,Bug,290,268,https://pok.gishan.cc/static/i/pokemon/268-150.avif,,,,,,,,,
269,Dustox,Bug,291,269,https://pok.gishan.cc/static/i/pokemon/269-150.avif,,,,,,,,,
270,Lotad,Water,292,270,https://pok.gishan.cc/static/i/pokemon/270-150.avif,,,,,,,,,
271,Lombre,Water,293,271,https://pok.gishan.cc/static/i/pokemon/271-150.avif,,,,,,,,,
272,Ludicolo,Water,294,272,https://pok.gishan.cc/static/i/pokemon/272-150.avif,,,,,,,,,
273,Seedot,Grass,295,273,https://pok.gishan.cc/static/i/pokemon/273-150.avif,,,,,,,,,
274,Nuzleaf,Grass,296,274,https://pok.gishan.cc/static/i/pokemon/274-150.avif,,,,,,,,,
275,Shiftry,Grass,297,275,https://pok.gishan.cc/static/i/pokemon/275-150.avif,,,,,,,,,
276,Taillow,Normal,298,276,https://pok.gishan.cc/static/i/pokemon/276-150.avif,,,,,,,,,
277,Swellow,Normal,299,277,https://pok.gishan.cc/static/i/pokemon/277-150.avif,,,,,,,,,
278,Wingull,Water,300,278,https://pok.gishan.cc/static/i/pokemon/278-150.avif,,,,,,,,,
279,Pelipper,Water,301,279,https://pok.gishan.cc/static/i/pokemon/279-150.avif,,,,,,,,,
280,Ralts,Psychic,302,280,https://pok.gishan.cc/static/i/pokemon/280-150.avif,,,,,,,,,
281,Kirlia,Psychic,303,281,https://pok.gishan.cc/static/i/pokemon/281-150.avif,,,,,,,,,
282,Gardevoir,Psychic,304,282,https://pok.gishan.cc/static/i/pokemon/282-150.avif,,,,,,,,,
282,GardevoirMega Gardevoir,Psychic,305,282,https://pokemon.gishan.cc/static/i/p/mega-gardevoir.avif,,,,,,,,,
283,Surskit,Bug,306,283,https://pok.gishan.cc/static/i/pokemon/283-150.avif,,,,,,,,,
284,Masquerain,Bug,307,284,https://pok.gishan.cc/static/i/pokemon/284-150.avif,,,,,,,,,
285,Shroomish,Grass,308,285,https://pok.gishan.cc/static/i/pokemon/285-150.avif,,,,,,,,,
286,Breloom,Grass,309,286,https://pok.gishan.cc/static/i/pokemon/286-150.avif,,,,,,,,,
287,Slakoth,Normal,310,287,https://pok.gishan.cc/static/i/pokemon/287-150.avif,,,,,,,,,
288,Vigoroth,Normal,311,288,https://pok.gishan.cc/static/i/pokemon/288-150.avif,,,,,,,,,
289,Slaking,Normal,312,289,https://pok.gishan.cc/static/i/pokemon/289-150.avif,,,,,,,,,
290,Nincada,Bug,313,290,https://pok.gishan.cc/static/i/pokemon/290-150.avif,,,,,,,,,
291,Ninjask,Bug,314,291,https://pok.gishan.cc/static/i/pokemon/291-150.avif,,,,,,,,,
292,Shedinja,Bug,315,292,https://pok.gishan.cc/static/i/pokemon/292-150.avif,,,,,,,,,
293,Whismur,Normal,316,293,https://pok.gishan.cc/static/i/pokemon/293-150.avif,,,,,,,,,
294,Loudred,Normal,317,294,https://pok.gishan.cc/static/i/pokemon/294-150.avif,,,,,,,,,
295,Exploud,Normal,318,295,https://pok.gishan.cc/static/i/pokemon/295-150.avif,,,,,,,,,
296,Makuhita,Fighting,319,296,https://pok.gishan.cc/static/i/pokemon/296-150.avif,,,,,,,,,
297,Hariyama,Fighting,320,297,https://pok.gishan.cc/static/i/pokemon/297-150.avif,,,,,,,,,
298,Azurill,Normal,321,298,https://pok.gishan.cc/static/i/pokemon/298-150.avif,,,,,,,,,
299,Nosepass,Rock,322,299,https://pok.gishan.cc/static/i/pokemon/299-150.avif,,,,,,,,,
300,Skitty,Normal,323,300,https://pok.gishan.cc/static/i/pokemon/300-150.avif,,,,,,,,,
301,Delcatty,Normal,324,301,https://pok.gishan.cc/static/i/pokemon/301-150.avif,,,,,,,,,
302,Sableye,Dark,325,302,https://pok.gishan.cc/static/i/pokemon/302-150.avif,,,,,,,,,
302,SableyeMega Sableye,Dark,326,302,https://pokemon.gishan.cc/static/i/p/mega-sableye.avif,,,,,,,,,
303,Mawile,Steel,327,303,https://pok.gishan.cc/static/i/pokemon/303-150.avif,,,,,,,,,
303,MawileMega Mawile,Steel,328,303,https://pokemon.gishan.cc/static/i/p/mega-mawile.avif,,,,,,,,,
304,Aron,Steel,329,304,https://pok.gishan.cc/static/i/pokemon/304-150.avif,,,,,,,,,
305,Lairon,Steel,330,305,https://pok.gishan.cc/static/i/pokemon/305-150.avif,,,,,,,,,
306,Aggron,Steel,331,306,https://pok.gishan.cc/static/i/pokemon/306-150.avif,,,,,,,,,
306,AggronMega Aggron,Steel,332,306,https://pokemon.gishan.cc/static/i/p/mega-aggron.avif,,,,,,,,,
307,Meditite,Fighting,333,307,https://pok.gishan.cc/static/i/pokemon/307-150.avif,,,,,,,,,
308,Medicham,Fighting,334,308,https://pok.gishan.cc/static/i/pokemon/308-150.avif,,,,,,,,,
308,MedichamMega Medicham,Fighting,335,308,https://pokemon.gishan.cc/static/i/p/mega-medicham.avif,,,,,,,,,
309,Electrike,Electric,336,309,https://pok.gishan.cc/static/i/pokemon/309-150.avif,,,,,,,,,
310,Manectric,Electric,337,310,https://pok.gishan.cc/static/i/pokemon/310-150.avif,,,,,,,,,
310,ManectricMega Manectric,Electric,338,310,https://pokemon.gishan.cc/static/i/p/mega-manectric.avif,,,,,,,,,
311,Plusle,Electric,339,311,https://pok.gishan.cc/static/i/pokemon/311-150.avif,,,,,,,,,
312,Minun,Electric,340,312,https://pok.gishan.cc/static/i/pokemon/312-150.avif,,,,,,,,,
313,Volbeat,Bug,341,313,https://pok.gishan.cc/static/i/pokemon/313-150.avif,,,,,,,,,
314,Illumise,Bug,342,314,https://pok.gishan.cc/static/i/pokemon/314-150.avif,,,,,,,,,
315,Roselia,Grass,343,315,https://pok.gishan.cc/static/i/pokemon/315-150.avif,,,,,,,,,
316,Gulpin,Poison,344,316,https://pok.gishan.cc/static/i/pokemon/316-150.avif,,,,,,,,,
317,Swalot,Poison,345,317,https://pok.gishan.cc/static/i/pokemon/317-150.avif,,,,,,,,,
318,Carvanha,Water,346,318,https://pok.gishan.cc/static/i/pokemon/318-150.avif,,,,,,,,,
319,Sharpedo,Water,347,319,https://pok.gishan.cc/static/i/pokemon/319-150.avif,,,,,,,,,
319,SharpedoMega Sharpedo,Water,348,319,https://pokemon.gishan.cc/static/i/p/mega-sharpedo.avif,,,,,,,,,
320,Wailmer,Water,349,320,https://pok.gishan.cc/static/i/pokemon/320-150.avif,,,,,,,,,
321,Wailord,Water,350,321,https://pok.gishan.cc/static/i/pokemon/321-150.avif,,,,,,,,,
322,Numel,Fire,351,322,https://pok.gishan.cc/static/i/pokemon/322-150.avif,,,,,,,,,
323,Camerupt,Fire,352,323,https://pok.gishan.cc/static/i/pokemon/323-150.avif,,,,,,,,,
323,CameruptMega Camerupt,Fire,353,323,https://pokemon.gishan.cc/static/i/p/mega-camerupt.avif,,,,,,,,,
324,Torkoal,Fire,354,324,https://pok.gishan.cc/static/i/pokemon/324-150.avif,,,,,,,,,
325,Spoink,Psychic,355,325,https://pok.gishan.cc/static/i/pokemon/325-150.avif,,,,,,,,,
326,Grumpig,Psychic,356,326,https://pok.gishan.cc/static/i/pokemon/326-150.avif,,,,,,,,,
327,Spinda,Normal,357,327,https://pok.gishan.cc/static/i/pokemon/327-150.avif,,,,,,,,,
328,Trapinch,Ground,358,328,https://pok.gishan.cc/static/i/pokemon/328-150.avif,,,,,,,,,
329,Vibrava,Ground,359,329,https://pok.gishan.cc/static/i/pokemon/329-150.avif,,,,,,,,,
330,Flygon,Ground,360,330,https://pok.gishan.cc/static/i/pokemon/330-150.avif,,,,,,,,,
331,Cacnea,Grass,361,331,https://pok.gishan.cc/static/i/pokemon/331-150.avif,,,,,,,,,
332,Cacturne,Grass,362,332,https://pok.gishan.cc/static/i/pokemon/332-150.avif,,,,,,,,,
333,Swablu,Normal,363,333,https://pok.gishan.cc/static/i/pokemon/333-150.avif,,,,,,,,,
334,Altaria,Dragon,364,334,https://pok.gishan.cc/static/i/pokemon/334-150.avif,,,,,,,,,
334,AltariaMega Altaria,Dragon,365,334,https://pokemon.gishan.cc/static/i/p/mega-altaria.avif,,,,,,,,,
335,Zangoose,Normal,366,335,https://pok.gishan.cc/static/i/pokemon/335-150.avif,,,,,,,,,
336,Seviper,Poison,367,336,https://pok.gishan.cc/static/i/pokemon/336-150.avif,,,,,,,,,
337,Lunatone,Rock,368,337,https://pok.gishan.cc/static/i/pokemon/337-150.avif,,,,,,,,,
338,Solrock,Rock,369,338,https://pok.gishan.cc/static/i/pokemon/338-150.avif,,,,,,,,,
339,Barboach,Water,370,339,https://pok.gishan.cc/static/i/pokemon/339-150.avif,,,,,,,,,
340,Whiscash,Water,371,340,https://pok.gishan.cc/static/i/pokemon/340-150.avif,,,,,,,,,
341,Corphish,Water,372,341,https://pok.gishan.cc/static/i/pokemon/341-150.avif,,,,,,,,,
342,Crawdaunt,Water,373,342,https://pok.gishan.cc/static/i/pokemon/342-150.avif,,,,,,,,,
343,Baltoy,Ground,374,343,https://pok.gishan.cc/static/i/pokemon/343-150.avif,,,,,,,,,
344,Claydol,Ground,375,344,https://pok.gishan.cc/static/i/pokemon/344-150.avif,,,,,,,,,
345,Lileep,Rock,376,345,https://pok.gishan.cc/static/i/pokemon/345-150.avif,,,,,,,,,
346,Cradily,Rock,377,346,https://pok.gishan.cc/static/i/pokemon/346-150.avif,,,,,,,,,
347,Anorith,Rock,378,347,https://pok.gishan.cc/static/i/pokemon/347-150.avif,,,,,,,,,
348,Armaldo,Rock,379,348,https://pok.gishan.cc/static/i/pokemon/348-150.avif,,,,,,,,,
349,Feebas,Water,380,349,https://pok.gishan.cc/static/i/pokemon/349-150.avif,,,,,,,,,
350,Milotic,Water,381,350,https://pok.gishan.cc/static/i/pokemon/350-150.avif,,,,,,,,,
351,Castform,Normal,382,351,https://pok.gishan.cc/static/i/pokemon/351-150.avif,,,,,,,,,
352,Kecleon,Normal,383,352,https://pok.gishan.cc/static/i/pokemon/352-150.avif,,,,,,,,,
353,Shuppet,Ghost,384,353,https://pok.gishan.cc/static/i/pokemon/353-150.avif,,,,,,,,,
354,Banette,Ghost,385,354,https://pok.gishan.cc/static/i/pokemon/354-150.avif,,,,,,,,,
354,BanetteMega Banette,Ghost,386,354,https://pokemon.gishan.cc/static/i/p/mega-banette.avif,,,,,,,,,
355,Duskull,Ghost,387,355,https://pok.gishan.cc/static/i/pokemon/355-150.avif,,,,,,,,,
356,Dusclops,Ghost,388,356,https://pok.gishan.cc/static/i/pokemon/356-150.avif,,,,,,,,,
357,Tropius,Grass,389,357,https://pok.gishan.cc/static/i/pokemon/357-150.avif,,,,,,,,,
358,Chimecho,Psychic,390,358,https://pok.gishan.cc/static/i/pokemon/358-150.avif,,,,,,,,,
360,Wynaut,Psychic,391,360,https://pok.gishan.cc/static/i/pokemon/360-150.avif,,,,,,,,,
361,Snorunt,Ice,392,361,https://pok.gishan.cc/static/i/pokemon/361-150.avif,,,,,,,,,
362,Glalie,Ice,393,362,https://pok.gishan.cc/static/i/pokemon/362-150.avif,,,,,,,,,
362,GlalieMega Glalie,Ice,394,362,https://pokemon.gishan.cc/static/i/p/mega-glalie.avif,,,,,,,,,
363,Spheal,Ice,395,363,https://pok.gishan.cc/static/i/pokemon/363-150.avif,,,,,,,,,
364,Sealeo,Ice,396,364,https://pok.gishan.cc/static/i/pokemon/364-150.avif,,,,,,,,,
365,Walrein,Ice,397,365,https://pok.gishan.cc/static/i/pokemon/365-150.avif,,,,,,,,,
366,Clamperl,Water,398,366,https://pok.gishan.cc/static/i/pokemon/366-150.avif,,,,,,,,,
367,Huntail,Water,399,367,https://pok.gishan.cc/static/i/pokemon/367-150.avif,,,,,,,,,
368,Gorebyss,Water,400,368,https://pok.gishan.cc/static/i/pokemon/368-150.avif,,,,,,,,,
369,Relicanth,Water,401,369,https://pok.gishan.cc/static/i/pokemon/369-150.avif,,,,,,,,,
370,Luvdisc,Water,402,370,https://pok.gishan.cc/static/i/pokemon/370-150.avif,,,,,,,,,
371,Bagon,Dragon,403,371,https://pok.gishan.cc/static/i/pokemon/371-150.avif,,,,,,,,,
372,Shelgon,Dragon,404,372,https://pok.gishan.cc/static/i/pokemon/372-150.avif,,,,,,,,,
373,Salamence,Dragon,405,373,https://pok.gishan.cc/static/i/pokemon/373-150.avif,,,,,,,,,
373,SalamenceMega Salamence,Dragon,406,373,https://pokemon.gishan.cc/static/i/p/mega-salamence.avif,,,,,,,,,
374,Beldum,Steel,407,374,https://pok.gishan.cc/static/i/pokemon/374-150.avif,,,,,,,,,
375,Metang,Steel,408,375,https://pok.gishan.cc/static/i/pokemon/375-150.avif,,,,,,,,,
376,Metagross,Steel,409,376,https://pok.gishan.cc/static/i/pokemon/376-150.avif,,,,,,,,,
376,MetagrossMega Metagross,Steel,410,376,https://pokemon.gishan.cc/static/i/p/mega-metagross.avif,,,,,,,,,
377,Regirock,Rock,411,377,https://pok.gishan.cc/static/i/pokemon/377-150.avif,,,,,,,,,
378,Regice,Ice,412,378,https://pok.gishan.cc/static/i/pokemon/378-150.avif,,,,,,,,,
379,Registeel,Steel,413,379,https://pok.gishan.cc/static/i/pokemon/379-150.avif,,,,,,,,,
380,Latias,Dragon,414,380,https://pok.gishan.cc/static/i/pokemon/380-150.avif,,,,,,,,,
380,LatiasMega Latias,Dragon,415,380,https://pokemon.gishan.cc/static/i/p/mega-latias.avif,,,,,,,,,
381,Latios,Dragon,416,381,https://pok.gishan.cc/static/i/pokemon/381-150.avif,,,,,,,,,
381,LatiosMega Latios,Dragon,417,381,https://pokemon.gishan.cc/static/i/p/mega-latios.avif,,,,,,,,,
382,Kyogre,Water,418,382,https://pok.gishan.cc/static/i/pokemon/382-150.avif,,,,,,,,,
382,KyogrePrimal Kyogre,Water,419,382,https://pok.gishan.cc/static/i/pokemon/382-150.avif,,,,,,,,,
383,Groudon,Ground,420,383,https://pok.gishan.cc/static/i/pokemon/383-150.avif,,,,,,,,,
383,GroudonPrimal Groudon,Ground,421,383,https://pok.gishan.cc/static/i/pokemon/383-150.avif,,,,,,,,,
384,Rayquaza,Dragon,422,384,https://pok.gishan.cc/static/i/pokemon/384-150.avif,,,,,,,,,
384,RayquazaMega Rayquaza,Dragon,423,384,https://pokemon.gishan.cc/static/i/p/mega-rayquaza.avif,,,,,,,,,
385,Jirachi,Steel,424,385,https://pok.gishan.cc/static/i/pokemon/385-150.avif,,,,,,,,,
386,DeoxysNormal Forme,Psychic,425,386,https://pok.gishan.cc/static/i/pokemon/386-150.avif,,,,,,,,,
386,DeoxysAttack Forme,Psychic,426,386,https://pok.gishan.cc/static/i/pokemon/386-150.avif,,,,,,,,,
386,DeoxysDefense Forme,Psychic,427,386,https://pok.gishan.cc/static/i/pokemon/386-150.avif,,,,,,,,,
386,DeoxysSpeed Forme,Psychic,428,386,https://pok.gishan.cc/static/i/pokemon/386-150.avif,,,,,,,,,
387,Turtwig,Grass,429,387,https://pok.gishan.cc/static/i/pokemon/387-150.avif,,,,,,,,,
388,Grotle,Grass,430,388,https://pok.gishan.cc/static/i/pokemon/388-150.avif,,,,,,,,,
389,Torterra,Grass,431,389,https://pok.gishan.cc/static/i/pokemon/389-150.avif,,,,,,,,,
390,Chimchar,Fire,432,390,https://pok.gishan.cc/static/i/pokemon/390-150.avif,,,,,,,,,
391,Monferno,Fire,433,391,https://pok.gishan.cc/static/i/pokemon/391-150.avif,,,,,,,,,
392,Infernape,Fire,434,392,https://pok.gishan.cc/static/i/pokemon/392-150.avif,,,,,,,,,
393,Piplup,Water,435,393,https://pok.gishan.cc/static/i/pokemon/393-150.avif,,,,,,,,,
394,Prinplup,Water,436,394,https://pok.gishan.cc/static/i/pokemon/394-150.avif,,,,,,,,,
395,Empoleon,Water,437,395,https://pok.gishan.cc/static/i/pokemon/395-150.avif,,,,,,,,,
396,Starly,Normal,438,396,https://pok.gishan.cc/static/i/pokemon/396-150.avif,,,,,,,,,
397,Staravia,Normal,439,397,https://pok.gishan.cc/static/i/pokemon/397-150.avif,,,,,,,,,
398,Staraptor,Normal,440,398,https://pok.gishan.cc/static/i/pokemon/398-150.avif,,,,,,,,,
399,Bidoof,Normal,441,399,https://pok.gishan.cc/static/i/pokemon/399-150.avif,,,,,,,,,
400,Bibarel,Normal,442,400,https://pok.gishan.cc/static/i/pokemon/400-150.avif,,,,,,,,,
401,Kricketot,Bug,443,401,https://pok.gishan.cc/static/i/pokemon/401-150.avif,,,,,,,,,
402,Kricketune,Bug,444,402,https://pok.gishan.cc/static/i/pokemon/402-150.avif,,,,,,,,,
403,Shinx,Electric,445,403,https://pok.gishan.cc/static/i/pokemon/403-150.avif,,,,,,,,,
404,Luxio,Electric,446,404,https://pok.gishan.cc/static/i/pokemon/404-150.avif,,,,,,,,,
405,Luxray,Electric,447,405,https://pok.gishan.cc/static/i/pokemon/405-150.avif,,,,,,,,,
406,Budew,Grass,448,406,https://pok.gishan.cc/static/i/pokemon/406-150.avif,,,,,,,,,
407,Roserade,Grass,449,407,https://pok.gishan.cc/static/i/pokemon/407-150.avif,,,,,,,,,
408,Cranidos,Rock,450,408,https://pok.gishan.cc/static/i/pokemon/408-150.avif,,,,,,,,,
409,Rampardos,Rock,451,409,https://pok.gishan.cc/static/i/pokemon/409-150.avif,,,,,,,,,
410,Shieldon,Rock,452,410,https://pok.gishan.cc/static/i/pokemon/410-150.avif,,,,,,,,,
411,Bastiodon,Rock,453,411,https://pok.gishan.cc/static/i/pokemon/411-150.avif,,,,,,,,,
412,Burmy,Bug,454,412,https://pok.gishan.cc/static/i/pokemon/412-150.avif,,,,,,,,,
413,WormadamPlant Cloak,Bug,455,413,https://pok.gishan.cc/static/i/pokemon/413-150.avif,,,,,,,,,
413,WormadamSandy Cloak,Bug,456,413,https://pok.gishan.cc/static/i/pokemon/413-150.avif,,,,,,,,,
413,WormadamTrash Cloak,Bug,457,413,https://pok.gishan.cc/static/i/pokemon/413-150.avif,,,,,,,,,
414,Mothim,Bug,458,414,https://pok.gishan.cc/static/i/pokemon/414-150.avif,,,,,,,,,
415,Combee,Bug,459,415,https://pok.gishan.cc/static/i/pokemon/415-150.avif,,,,,,,,,
416,Vespiquen,Bug,460,416,https://pok.gishan.cc/static/i/pokemon/416-150.avif,,,,,,,,,
417,Pachirisu,Electric,461,417,https://pok.gishan.cc/static/i/pokemon/417-150.avif,,,,,,,,,
418,Buizel,Water,462,418,https://pok.gishan.cc/static/i/pokemon/418-150.avif,,,,,,,,,
419,Floatzel,Water,463,419,https://pok.gishan.cc/static/i/pokemon/419-150.avif,,,,,,,,,
420,Cherubi,Grass,464,420,https://pok.gishan.cc/static/i/pokemon/420-150.avif,,,,,,,,,
421,Cherrim,Grass,465,421,https://pok.gishan.cc/static/i/pokemon/421-150.avif,,,,,,,,,
422,Shellos,Water,466,422,https://pok.gishan.cc/static/i/pokemon/422-150.avif,,,,,,,,,
423,Gastrodon,Water,467,423,https://pok.gishan.cc/static/i/pokemon/423-150.avif,,,,,,,,,
424,Ambipom,Normal,468,424,https://pok.gishan.cc/static/i/pokemon/424-150.avif,,,,,,,,,
425,Drifloon,Ghost,469,425,https://pok.gishan.cc/static/i/pokemon/425-150.avif,,,,,,,,,
426,Drifblim,Ghost,470,426,https://pok.gishan.cc/static/i/pokemon/426-150.avif,,,,,,,,,
427,Buneary,Normal,471,427,https://pok.gishan.cc/static/i/pokemon/427-150.avif,,,,,,,,,
428,Lopunny,Normal,472,428,https://pok.gishan.cc/static/i/pokemon/428-150.avif,,,,,,,,,
428,LopunnyMega Lopunny,Normal,473,428,https://pokemon.gishan.cc/static/i/p/mega-lopunny.avif,,,,,,,,,
429,Mismagius,Ghost,474,429,https://pok.gishan.cc/static/i/pokemon/429-150.avif,,,,,,,,,
430,Honchkrow,Dark,475,430,https://pok.gishan.cc/static/i/pokemon/430-150.avif,,,,,,,,,
431,Glameow,Normal,476,431,https://pok.gishan.cc/static/i/pokemon/431-150.avif,,,,,,,,,
432,Purugly,Normal,477,432,https://pok.gishan.cc/static/i/pokemon/432-150.avif,,,,,,,,,
433,Chingling,Psychic,478,433,https://pok.gishan.cc/static/i/pokemon/433-150.avif,,,,,,,,,
434,Stunky,Poison,479,434,https://pok.gishan.cc/static/i/pokemon/434-150.avif,,,,,,,,,
435,Skuntank,Poison,480,435,https://pok.gishan.cc/static/i/pokemon/435-150.avif,,,,,,,,,
436,Bronzor,Steel,481,436,https://pok.gishan.cc/static/i/pokemon/436-150.avif,,,,,,,,,
437,Bronzong,Steel,482,437,https://pok.gishan.cc/static/i/pokemon/437-150.avif,,,,,,,,,
438,Bonsly,Rock,483,438,https://pok.gishan.cc/static/i/pokemon/438-150.avif,,,,,,,,,
439,Mime Jr.,Psychic,484,439,https://pok.gishan.cc/static/i/pokemon/439-150.avif,,,,,,,,,
440,Happiny,Normal,485,440,https://pok.gishan.cc/static/i/pokemon/440-150.avif,,,,,,,,,
441,Chatot,Normal,486,441,https://pok.gishan.cc/static/i/pokemon/441-150.avif,,,,,,,,,
442,Spiritomb,Ghost,487,442,https://pok.gishan.cc/static/i/pokemon/442-150.avif,,,,,,,,,
443,Gible,Dragon,488,443,https://pok.gishan.cc/static/i/pokemon/443-150.avif,,,,,,,,,
444,Gabite,Dragon,489,444,https://pok.gishan.cc/static/i/pokemon/444-150.avif,,,,,,,,,
445,Garchomp,Dragon,490,445,https://pok.gishan.cc/static/i/pokemon/445-150.avif,,,,,,,,,
445,GarchompMega Garchomp,Dragon,491,445,https://pokemon.gishan.cc/static/i/p/mega-garchomp.avif,,,,,,,,,
446,Munchlax,Normal,492,446,https://pok.gishan.cc/static/i/pokemon/446-150.avif,,,,,,,,,
447,Riolu,Fighting,493,447,https://pok.gishan.cc/static/i/pokemon/447-150.avif,,,,,,,,,
448,Lucario,Fighting,494,448,https://pok.gishan.cc/static/i/pokemon/448-150.avif,,,,,,,,,
448,LucarioMega Lucario,Fighting,495,448,https://pokemon.gishan.cc/static/i/p/mega-Lucario.avif,,,,,,,,,
449,Hippopotas,Ground,496,449,https://pok.gishan.cc/static/i/pokemon/449-150.avif,,,,,,,,,
450,Hippowdon,Ground,497,450,https://pok.gishan.cc/static/i/pokemon/450-150.avif,,,,,,,,,
451,Skorupi,Poison,498,451,https://pok.gishan.cc/static/i/pokemon/451-150.avif,,,,,,,,,
452,Drapion,Poison,499,452,https://pok.gishan.cc/static/i/pokemon/452-150.avif,,,,,,,,,
453,Croagunk,Poison,500,453,https://pok.gishan.cc/static/i/pokemon/453-150.avif,,,,,,,,,
454,Toxicroak,Poison,501,454,https://pok.gishan.cc/static/i/pokemon/454-150.avif,,,,,,,,,
455,Carnivine,Grass,502,455,https://pok.gishan.cc/static/i/pokemon/455-150.avif,,,,,,,,,
456,Finneon,Water,503,456,https://pok.gishan.cc/static/i/pokemon/456-150.avif,,,,,,,,,
457,Lumineon,Water,504,457,https://pok.gishan.cc/static/i/pokemon/457-150.avif,,,,,,,,,
458,Mantyke,Water,505,458,https://pok.gishan.cc/static/i/pokemon/458-150.avif,,,,,,,,,
459,Snover,Grass,506,459,https://pok.gishan.cc/static/i/pokemon/459-150.avif,,,,,,,,,
461,Weavile,Dark,507,461,https://pok.gishan.cc/static/i/pokemon/461-150.avif,,,,,,,,,
462,Magnezone,Electric,508,462,https://pok.gishan.cc/static/i/pokemon/462-150.avif,,,,,,,,,
463,Lickilicky,Normal,509,463,https://pok.gishan.cc/static/i/pokemon/463-150.avif,,,,,,,,,
464,Rhyperior,Ground,510,464,https://pok.gishan.cc/static/i/pokemon/464-150.avif,,,,,,,,,
465,Tangrowth,Grass,511,465,https://pok.gishan.cc/static/i/pokemon/465-150.avif,,,,,,,,,
466,Electivire,Electric,512,466,https://pok.gishan.cc/static/i/pokemon/466-150.avif,,,,,,,,,
467,Magmortar,Fire,513,467,https://pok.gishan.cc/static/i/pokemon/467-150.avif,,,,,,,,,
468,Togekiss,Fairy,514,468,https://pok.gishan.cc/static/i/pokemon/468-150.avif,,,,,,,,,
469,Yanmega,Bug,515,469,https://pok.gishan.cc/static/i/pokemon/469-150.avif,,,,,,,,,
470,Leafeon,Grass,516,470,https://pok.gishan.cc/static/i/pokemon/470-150.avif,,,,,,,,,
471,Glaceon,Ice,517,471,https://pok.gishan.cc/static/i/pokemon/471-150.avif,,,,,,,,,
472,Gliscor,Ground,518,472,https://pok.gishan.cc/static/i/pokemon/472-150.avif,,,,,,,,,
473,Mamoswine,Ice,519,473,https://pok.gishan.cc/static/i/pokemon/473-150.avif,,,,,,,,,
474,Porygon-Z,Normal,520,474,https://pok.gishan.cc/static/i/pokemon/474-150.avif,,,,,,,,,
475,Gallade,Psychic,521,475,https://pok.gishan.cc/static/i/pokemon/475-150.avif,,,,,,,,,
475,GalladeMega Gallade,Psychic,522,475,https://pokemon.gishan.cc/static/i/p/mega-gallade.avif,,,,,,,,,
476,Probopass,Rock,523,476,https://pok.gishan.cc/static/i/pokemon/476-150.avif,,,,,,,,,
477,Dusknoir,Ghost,524,477,https://pok.gishan.cc/static/i/pokemon/477-150.avif,,,,,,,,,
478,Froslass,Ice,525,478,https://pok.gishan.cc/static/i/pokemon/478-150.avif,,,,,,,,,
479,Rotom,Electric,526,479,https://pok.gishan.cc/static/i/pokemon/479-150.avif,,,,,,,,,
479,RotomHeat Rotom,Electric,527,479,https://pok.gishan.cc/static/i/pokemon/479-150.avif,,,,,,,,,
479,RotomWash Rotom,Electric,528,479,https://pok.gishan.cc/static/i/pokemon/479-150.avif,,,,,,,,,
479,RotomFrost Rotom,Electric,529,479,https://pok.gishan.cc/static/i/pokemon/479-150.avif,,,,,,,,,
479,RotomFan Rotom,Electric,530,479,https://pok.gishan.cc/static/i/pokemon/479-150.avif,,,,,,,,,
479,RotomMow Rotom,Electric,531,479,https://pok.gishan.cc/static/i/pokemon/479-150.avif,,,,,,,,,
480,Uxie,Psychic,532,480,https://pok.gishan.cc/static/i/pokemon/480-150.avif,,,,,,,,,
481,Mesprit,Psychic,533,481,https://pok.gishan.cc/static/i/pokemon/481-150.avif,,,,,,,,,
482,Azelf,Psychic,534,482,https://pok.gishan.cc/static/i/pokemon/482-150.avif,,,,,,,,,
483,Dialga,Steel,535,483,https://pok.gishan.cc/static/i/pokemon/483-150.avif,,,,,,,,,
484,Palkia,Water,536,484,https://pok.gishan.cc/static/i/pokemon/484-150.avif,,,,,,,,,
485,Heatran,Fire,537,485,https://pok.gishan.cc/static/i/pokemon/485-150.avif,,,,,,,,,
486,Regigigas,Normal,538,486,https://pok.gishan.cc/static/i/pokemon/486-150.avif,,,,,,,,,
487,GiratinaAltered Forme,Ghost,539,487,https://pok.gishan.cc/static/i/pokemon/487-150.avif,,,,,,,,,
487,GiratinaOrigin Forme,Ghost,540,487,https://pok.gishan.cc/static/i/pokemon/487-150.avif,,,,,,,,,
488,Cresselia,Psychic,541,488,https://pok.gishan.cc/static/i/pokemon/488-150.avif,,,,,,,,,
489,Phione,Water,542,489,https://pok.gishan.cc/static/i/pokemon/489-150.avif,,,,,,,,,
490,Manaphy,Water,543,490,https://pok.gishan.cc/static/i/pokemon/490-150.avif,,,,,,,,,
491,Darkrai,Dark,544,491,https://pok.gishan.cc/static/i/pokemon/491-150.avif,,,,,,,,,
492,ShayminLand Forme,Grass,545,492,https://pok.gishan.cc/static/i/pokemon/492-150.avif,,,,,,,,,
492,ShayminSky Forme,Grass,546,492,https://pok.gishan.cc/static/i/pokemon/492-150.avif,,,,,,,,,
493,Arceus,Normal,547,493,https://pok.gishan.cc/static/i/pokemon/493-150.avif,,,,,,,,,
494,Victini,Psychic,548,494,https://pok.gishan.cc/static/i/pokemon/494-150.avif,,,,,,,,,
495,Snivy,Grass,549,495,https://pok.gishan.cc/static/i/pokemon/495-150.avif,,,,,,,,,
496,Servine,Grass,550,496,https://pok.gishan.cc/static/i/pokemon/496-150.avif,,,,,,,,,
497,Serperior,Grass,551,497,https://pok.gishan.cc/static/i/pokemon/497-150.avif,,,,,,,,,
498,Tepig,Fire,552,498,https://pok.gishan.cc/static/i/pokemon/498-150.avif,,,,,,,,,
499,Pignite,Fire,553,499,https://pok.gishan.cc/static/i/pokemon/499-150.avif,,,,,,,,,
500,Emboar,Fire,554,500,https://pok.gishan.cc/static/i/pokemon/500-150.avif,,,,,,,,,
501,Oshawott,Water,555,501,https://pok.gishan.cc/static/i/pokemon/501-150.avif,,,,,,,,,
502,Dewott,Water,556,502,https://pok.gishan.cc/static/i/pokemon/502-150.avif,,,,,,,,,
503,Samurott,Water,557,503,https://pok.gishan.cc/static/i/pokemon/503-150.avif,,,,,,,,,
504,Patrat,Normal,558,504,https://pok.gishan.cc/static/i/pokemon/504-150.avif,,,,,,,,,
505,Watchog,Normal,559,505,https://pok.gishan.cc/static/i/pokemon/505-150.avif,,,,,,,,,
506,Lillipup,Normal,560,506,https://pok.gishan.cc/static/i/pokemon/506-150.avif,,,,,,,,,
507,Herdier,Normal,561,507,https://pok.gishan.cc/static/i/pokemon/507-150.avif,,,,,,,,,
508,Stoutland,Normal,562,508,https://pok.gishan.cc/static/i/pokemon/508-150.avif,,,,,,,,,
509,Purrloin,Dark,563,509,https://pok.gishan.cc/static/i/pokemon/509-150.avif,,,,,,,,,
510,Liepard,Dark,564,510,https://pok.gishan.cc/static/i/pokemon/510-150.avif,,,,,,,,,
511,Pansage,Grass,565,511,https://pok.gishan.cc/static/i/pokemon/511-150.avif,,,,,,,,,
512,Simisage,Grass,566,512,https://pok.gishan.cc/static/i/pokemon/512-150.avif,,,,,,,,,
513,Pansear,Fire,567,513,https://pok.gishan.cc/static/i/pokemon/513-150.avif,,,,,,,,,
514,Simisear,Fire,568,514,https://pok.gishan.cc/static/i/pokemon/514-150.avif,,,,,,,,,
515,Panpour,Water,569,515,https://pok.gishan.cc/static/i/pokemon/515-150.avif,,,,,,,,,
516,Simipour,Water,570,516,https://pok.gishan.cc/static/i/pokemon/516-150.avif,,,,,,,,,
517,Munna,Psychic,571,517,https://pok.gishan.cc/static/i/pokemon/517-150.avif,,,,,,,,,
518,Musharna,Psychic,572,518,https://pok.gishan.cc/static/i/pokemon/518-150.avif,,,,,,,,,
519,Pidove,Normal,573,519,https://pok.gishan.cc/static/i/pokemon/519-150.avif,,,,,,,,,
520,Tranquill,Normal,574,520,https://pok.gishan.cc/static/i/pokemon/520-150.avif,,,,,,,,,
521,Unfezant,Normal,575,521,https://pok.gishan.cc/static/i/pokemon/521-150.avif,,,,,,,,,
522,Blitzle,Electric,576,522,https://pok.gishan.cc/static/i/pokemon/522-150.avif,,,,,,,,,
523,Zebstrika,Electric,577,523,https://pok.gishan.cc/static/i/pokemon/523-150.avif,,,,,,,,,
524,Roggenrola,Rock,578,524,https://pok.gishan.cc/static/i/pokemon/524-150.avif,,,,,,,,,
525,Boldore,Rock,579,525,https://pok.gishan.cc/static/i/pokemon/525-150.avif,,,,,,,,,
526,Gigalith,Rock,580,526,https://pok.gishan.cc/static/i/pokemon/526-150.avif,,,,,,,,,
527,Woobat,Psychic,581,527,https://pok.gishan.cc/static/i/pokemon/527-150.avif,,,,,,,,,
528,Swoobat,Psychic,582,528,https://pok.gishan.cc/static/i/pokemon/528-150.avif,,,,,,,,,
529,Drilbur,Ground,583,529,https://pok.gishan.cc/static/i/pokemon/529-150.avif,,,,,,,,,
530,Excadrill,Ground,584,530,https://pok.gishan.cc/static/i/pokemon/530-150.avif,,,,,,,,,
531,Audino,Normal,585,531,https://pok.gishan.cc/static/i/pokemon/531-150.avif,,,,,,,,,
531,AudinoMega Audino,Normal,586,531,https://pokemon.gishan.cc/static/i/p/mega-audino.avif,,,,,,,,,
532,Timburr,Fighting,587,532,https://pok.gishan.cc/static/i/pokemon/532-150.avif,,,,,,,,,
533,Gurdurr,Fighting,588,533,https://pok.gishan.cc/static/i/pokemon/533-150.avif,,,,,,,,,
534,Conkeldurr,Fighting,589,534,https://pok.gishan.cc/static/i/pokemon/534-150.avif,,,,,,,,,
535,Tympole,Water,590,535,https://pok.gishan.cc/static/i/pokemon/535-150.avif,,,,,,,,,
536,Palpitoad,Water,591,536,https://pok.gishan.cc/static/i/pokemon/536-150.avif,,,,,,,,,
537,Seismitoad,Water,592,537,https://pok.gishan.cc/static/i/pokemon/537-150.avif,,,,,,,,,
538,Throh,Fighting,593,538,https://pok.gishan.cc/static/i/pokemon/538-150.avif,,,,,,,,,
539,Sawk,Fighting,594,539,https://pok.gishan.cc/static/i/pokemon/539-150.avif,,,,,,,,,
540,Sewaddle,Bug,595,540,https://pok.gishan.cc/static/i/pokemon/540-150.avif,,,,,,,,,
541,Swadloon,Bug,596,541,https://pok.gishan.cc/static/i/pokemon/541-150.avif,,,,,,,,,
542,Leavanny,Bug,597,542,https://pok.gishan.cc/static/i/pokemon/542-150.avif,,,,,,,,,
543,Venipede,Bug,598,543,https://pok.gishan.cc/static/i/pokemon/543-150.avif,,,,,,,,,
544,Whirlipede,Bug,599,544,https://pok.gishan.cc/static/i/pokemon/544-150.avif,,,,,,,,,
545,Scolipede,Bug,600,545,https://pok.gishan.cc/static/i/pokemon/545-150.avif,,,,,,,,,
546,Cottonee,Grass,601,546,https://pok.gishan.cc/static/i/pokemon/546-150.avif,,,,,,,,,
547,Whimsicott,Grass,602,547,https://pok.gishan.cc/static/i/pokemon/547-150.avif,,,,,,,,,
548,Petilil,Grass,603,548,https://pok.gishan.cc/static/i/pokemon/548-150.avif,,,,,,,,,
549,Lilligant,Grass,604,549,https://pok.gishan.cc/static/i/pokemon/549-150.avif,,,,,,,,,
550,Basculin,Water,605,550,https://pok.gishan.cc/static/i/pokemon/550-150.avif,,,,,,,,,
551,Sandile,Ground,606,551,https://pok.gishan.cc/static/i/pokemon/551-150.avif,,,,,,,,,
552,Krokorok,Ground,607,552,https://pok.gishan.cc/static/i/pokemon/552-150.avif,,,,,,,,,
553,Krookodile,Ground,608,553,https://pok.gishan.cc/static/i/pokemon/553-150.avif,,,,,,,,,
554,Darumaka,Fire,609,554,https://pok.gishan.cc/static/i/pokemon/554-150.avif,,,,,,,,,
555,DarmanitanStandard Mode,Fire,610,555,https://pok.gishan.cc/static/i/pokemon/555-150.avif,,,,,,,,,
556,Maractus,Grass,611,556,https://pok.gishan.cc/static/i/pokemon/556-150.avif,,,,,,,,,
557,Dwebble,Bug,612,557,https://pok.gishan.cc/static/i/pokemon/557-150.avif,,,,,,,,,
558,Crustle,Bug,613,558,https://pok.gishan.cc/static/i/pokemon/558-150.avif,,,,,,,,,
559,Scraggy,Dark,614,559,https://pok.gishan.cc/static/i/pokemon/559-150.avif,,,,,,,,,
560,Scrafty,Dark,615,560,https://pok.gishan.cc/static/i/pokemon/560-150.avif,,,,,,,,,
561,Sigilyph,Psychic,616,561,https://pok.gishan.cc/static/i/pokemon/561-150.avif,,,,,,,,,
562,Yamask,Ghost,617,562,https://pok.gishan.cc/static/i/pokemon/562-150.avif,,,,,,,,,
563,Cofagrigus,Ghost,618,563,https://pok.gishan.cc/static/i/pokemon/563-150.avif,,,,,,,,,
564,Tirtouga,Water,619,564,https://pok.gishan.cc/static/i/pokemon/564-150.avif,,,,,,,,,
565,Carracosta,Water,620,565,https://pok.gishan.cc/static/i/pokemon/565-150.avif,,,,,,,,,
566,Archen,Rock,621,566,https://pok.gishan.cc/static/i/pokemon/566-150.avif,,,,,,,,,
567,Archeops,Rock,622,567,https://pok.gishan.cc/static/i/pokemon/567-150.avif,,,,,,,,,
568,Trubbish,Poison,623,568,https://pok.gishan.cc/static/i/pokemon/568-150.avif,,,,,,,,,
569,Garbodor,Poison,624,569,https://pok.gishan.cc/static/i/pokemon/569-150.avif,,,,,,,,,
570,Zorua,Dark,625,570,https://pok.gishan.cc/static/i/pokemon/570-150.avif,,,,,,,,,
571,Zoroark,Dark,626,571,https://pok.gishan.cc/static/i/pokemon/571-150.avif,,,,,,,,,
572,Minccino,Normal,627,572,https://pok.gishan.cc/static/i/pokemon/572-150.avif,,,,,,,,,
573,Cinccino,Normal,628,573,https://pok.gishan.cc/static/i/pokemon/573-150.avif,,,,,,,,,
574,Gothita,Psychic,629,574,https://pok.gishan.cc/static/i/pokemon/574-150.avif,,,,,,,,,
575,Gothorita,Psychic,630,575,https://pok.gishan.cc/static/i/pokemon/575-150.avif,,,,,,,,,
576,Gothitelle,Psychic,631,576,https://pok.gishan.cc/static/i/pokemon/576-150.avif,,,,,,,,,
577,Solosis,Psychic,632,577,https://pok.gishan.cc/static/i/pokemon/577-150.avif,,,,,,,,,
578,Duosion,Psychic,633,578,https://pok.gishan.cc/static/i/pokemon/578-150.avif,,,,,,,,,
579,Reuniclus,Psychic,634,579,https://pok.gishan.cc/static/i/pokemon/579-150.avif,,,,,,,,,
580,Ducklett,Water,635,580,https://pok.gishan.cc/static/i/pokemon/580-150.avif,,,,,,,,,
581,Swanna,Water,636,581,https://pok.gishan.cc/static/i/pokemon/581-150.avif,,,,,,,,,
582,Vanillite,Ice,637,582,https://pok.gishan.cc/static/i/pokemon/582-150.avif,,,,,,,,,
583,Vanillish,Ice,638,583,https://pok.gishan.cc/static/i/pokemon/583-150.avif,,,,,,,,,
584,Vanilluxe,Ice,639,584,https://pok.gishan.cc/static/i/pokemon/584-150.avif,,,,,,,,,
585,Deerling,Normal,640,585,https://pok.gishan.cc/static/i/pokemon/585-150.avif,,,,,,,,,
586,Sawsbuck,Normal,641,586,https://pok.gishan.cc/static/i/pokemon/586-150.avif,,,,,,,,,
587,Emolga,Electric,642,587,https://pok.gishan.cc/static/i/pokemon/587-150.avif,,,,,,,,,
588,Karrablast,Bug,643,588,https://pok.gishan.cc/static/i/pokemon/588-150.avif,,,,,,,,,
589,Escavalier,Bug,644,589,https://pok.gishan.cc/static/i/pokemon/589-150.avif,,,,,,,,,
590,Foongus,Grass,645,590,https://pok.gishan.cc/static/i/pokemon/590-150.avif,,,,,,,,,
591,Amoonguss,Grass,646,591,https://pok.gishan.cc/static/i/pokemon/591-150.avif,,,,,,,,,
592,Frillish,Water,647,592,https://pok.gishan.cc/static/i/pokemon/592-150.avif,,,,,,,,,
593,Jellicent,Water,648,593,https://pok.gishan.cc/static/i/pokemon/593-150.avif,,,,,,,,,
594,Alomomola,Water,649,594,https://pok.gishan.cc/static/i/pokemon/594-150.avif,,,,,,,,,
595,Joltik,Bug,650,595,https://pok.gishan.cc/static/i/pokemon/595-150.avif,,,,,,,,,
596,Galvantula,Bug,651,596,https://pok.gishan.cc/static/i/pokemon/596-150.avif,,,,,,,,,
597,Ferroseed,Grass,652,597,https://pok.gishan.cc/static/i/pokemon/597-150.avif,,,,,,,,,
598,Ferrothorn,Grass,653,598,https://pok.gishan.cc/static/i/pokemon/598-150.avif,,,,,,,,,
599,Klink,Steel,654,599,https://pok.gishan.cc/static/i/pokemon/599-150.avif,,,,,,,,,
600,Klang,Steel,655,600,https://pok.gishan.cc/static/i/pokemon/600-150.avif,,,,,,,,,
601,Klinklang,Steel,656,601,https://pok.gishan.cc/static/i/pokemon/601-150.avif,,,,,,,,,
602,Tynamo,Electric,657,602,https://pok.gishan.cc/static/i/pokemon/602-150.avif,,,,,,,,,
603,Eelektrik,Electric,658,603,https://pok.gishan.cc/static/i/pokemon/603-150.avif,,,,,,,,,
604,Eelektross,Electric,659,604,https://pok.gishan.cc/static/i/pokemon/604-150.avif,,,,,,,,,
605,Elgyem,Psychic,660,605,https://pok.gishan.cc/static/i/pokemon/605-150.avif,,,,,,,,,
606,Beheeyem,Psychic,661,606,https://pok.gishan.cc/static/i/pokemon/606-150.avif,,,,,,,,,
607,Litwick,Ghost,662,607,https://pok.gishan.cc/static/i/pokemon/607-150.avif,,,,,,,,,
608,Lampent,Ghost,663,608,https://pok.gishan.cc/static/i/pokemon/608-150.avif,,,,,,,,,
609,Chandelure,Ghost,664,609,https://pok.gishan.cc/static/i/pokemon/609-150.avif,,,,,,,,,
610,Axew,Dragon,665,610,https://pok.gishan.cc/static/i/pokemon/610-150.avif,,,,,,,,,
611,Fraxure,Dragon,666,611,https://pok.gishan.cc/static/i/pokemon/611-150.avif,,,,,,,,,
612,Haxorus,Dragon,667,612,https://pok.gishan.cc/static/i/pokemon/612-150.avif,,,,,,,,,
613,Cubchoo,Ice,668,613,https://pok.gishan.cc/static/i/pokemon/613-150.avif,,,,,,,,,
614,Beartic,Ice,669,614,https://pok.gishan.cc/static/i/pokemon/614-150.avif,,,,,,,,,
615,Cryogonal,Ice,670,615,https://pok.gishan.cc/static/i/pokemon/615-150.avif,,,,,,,,,
616,Shelmet,Bug,671,616,https://pok.gishan.cc/static/i/pokemon/616-150.avif,,,,,,,,,
618,Stunfisk,Ground,672,618,https://pok.gishan.cc/static/i/pokemon/618-150.avif,,,,,,,,,
619,Mienfoo,Fighting,673,619,https://pok.gishan.cc/static/i/pokemon/619-150.avif,,,,,,,,,
620,Mienshao,Fighting,674,620,https://pok.gishan.cc/static/i/pokemon/620-150.avif,,,,,,,,,
621,Druddigon,Dragon,675,621,https://pok.gishan.cc/static/i/pokemon/621-150.avif,,,,,,,,,
622,Golett,Ground,676,622,https://pok.gishan.cc/static/i/pokemon/622-150.avif,,,,,,,,,
623,Golurk,Ground,677,623,https://pok.gishan.cc/static/i/pokemon/623-150.avif,,,,,,,,,
624,Pawniard,Dark,678,624,https://pok.gishan.cc/static/i/pokemon/624-150.avif,,,,,,,,,
625,Bisharp,Dark,679,625,https://pok.gishan.cc/static/i/pokemon/625-150.avif,,,,,,,,,
626,Bouffalant,Normal,680,626,https://pok.gishan.cc/static/i/pokemon/626-150.avif,,,,,,,,,
627,Rufflet,Normal,681,627,https://pok.gishan.cc/static/i/pokemon/627-150.avif,,,,,,,,,
628,Braviary,Normal,682,628,https://pok.gishan.cc/static/i/pokemon/628-150.avif,,,,,,,,,
629,Vullaby,Dark,683,629,https://pok.gishan.cc/static/i/pokemon/629-150.avif,,,,,,,,,
630,Mandibuzz,Dark,684,630,https://pok.gishan.cc/static/i/pokemon/630-150.avif,,,,,,,,,
631,Heatmor,Fire,685,631,https://pok.gishan.cc/static/i/pokemon/631-150.avif,,,,,,,,,
632,Durant,Bug,686,632,https://pok.gishan.cc/static/i/pokemon/632-150.avif,,,,,,,,,
633,Deino,Dark,687,633,https://pok.gishan.cc/static/i/pokemon/633-150.avif,,,,,,,,,
634,Zweilous,Dark,688,634,https://pok.gishan.cc/static/i/pokemon/634-150.avif,,,,,,,,,
635,Hydreigon,Dark,689,635,https://pok.gishan.cc/static/i/pokemon/635-150.avif,,,,,,,,,
636,Larvesta,Bug,690,636,https://pok.gishan.cc/static/i/pokemon/636-150.avif,,,,,,,,,
637,Volcarona,Bug,691,637,https://pok.gishan.cc/static/i/pokemon/637-150.avif,,,,,,,,,
638,Cobalion,Steel,692,638,https://pok.gishan.cc/static/i/pokemon/638-150.avif,,,,,,,,,
639,Terrakion,Rock,693,639,https://pok.gishan.cc/static/i/pokemon/639-150.avif,,,,,,,,,
640,Virizion,Grass,694,640,https://pok.gishan.cc/static/i/pokemon/640-150.avif,,,,,,,,,
641,TornadusIncarnate Forme,Flying,695,641,https://pok.gishan.cc/static/i/pokemon/641-150.avif,,,,,,,,,
641,TornadusTherian Forme,Flying,696,641,https://pok.gishan.cc/static/i/pokemon/641-150.avif,,,,,,,,,
642,ThundurusIncarnate Forme,Electric,697,642,https://pok.gishan.cc/static/i/pokemon/642-150.avif,,,,,,,,,
642,ThundurusTherian Forme,Electric,698,642,https://pok.gishan.cc/static/i/pokemon/642-150.avif,,,,,,,,,
643,Reshiram,Dragon,699,643,https://pok.gishan.cc/static/i/pokemon/643-150.avif,,,,,,,,,
644,Zekrom,Dragon,700,644,https://pok.gishan.cc/static/i/pokemon/644-150.avif,,,,,,,,,
645,LandorusIncarnate Forme,Ground,701,645,https://pok.gishan.cc/static/i/pokemon/645-150.avif,,,,,,,,,
645,LandorusTherian Forme,Ground,702,645,https://pok.gishan.cc/static/i/pokemon/645-150.avif,,,,,,,,,
646,Kyurem,Dragon,703,646,https://pok.gishan.cc/static/i/pokemon/646-150.avif,,,,,,,,,
646,KyuremBlack Kyurem,Dragon,704,646,https://pok.gishan.cc/static/i/pokemon/646-150.avif,,,,,,,,,
646,KyuremWhite Kyurem,Dragon,705,646,https://pok.gishan.cc/static/i/pokemon/646-150.avif,,,,,,,,,
647,KeldeoOrdinary Forme,Water,706,647,https://pok.gishan.cc/static/i/pokemon/647-150.avif,,,,,,,,,
647,KeldeoResolute Forme,Water,707,647,https://pok.gishan.cc/static/i/pokemon/647-150.avif,,,,,,,,,
648,MeloettaAria Forme,Normal,708,648,https://pok.gishan.cc/static/i/pokemon/648-150.avif,,,,,,,,,
648,MeloettaPirouette Forme,Normal,709,648,https://pok.gishan.cc/static/i/pokemon/648-150.avif,,,,,,,,,
649,Genesect,Bug,710,649,https://pok.gishan.cc/static/i/pokemon/649-150.avif,,,,,,,,,
650,Chespin,Grass,711,650,https://pok.gishan.cc/static/i/pokemon/650-150.avif,,,,,,,,,
651,Quilladin,Grass,712,651,https://pok.gishan.cc/static/i/pokemon/651-150.avif,,,,,,,,,
652,Chesnaught,Grass,713,652,https://pok.gishan.cc/static/i/pokemon/652-150.avif,,,,,,,,,
653,Fennekin,Fire,714,653,https://pok.gishan.cc/static/i/pokemon/653-150.avif,,,,,,,,,
654,Braixen,Fire,715,654,https://pok.gishan.cc/static/i/pokemon/654-150.avif,,,,,,,,,
655,Delphox,Fire,716,655,https://pok.gishan.cc/static/i/pokemon/655-150.avif,,,,,,,,,
656,Froakie,Water,717,656,https://pok.gishan.cc/static/i/pokemon/656-150.avif,,,,,,,,,
657,Frogadier,Water,718,657,https://pok.gishan.cc/static/i/pokemon/657-150.avif,,,,,,,,,
658,Greninja,Water,719,658,https://pok.gishan.cc/static/i/pokemon/658-150.avif,,,,,,,,,
659,Bunnelby,Normal,720,659,https://pok.gishan.cc/static/i/pokemon/659-150.avif,,,,,,,,,
660,Diggersby,Normal,721,660,https://pok.gishan.cc/static/i/pokemon/660-150.avif,,,,,,,,,
661,Fletchling,Normal,722,661,https://pok.gishan.cc/static/i/pokemon/661-150.avif,,,,,,,,,
662,Fletchinder,Fire,723,662,https://pok.gishan.cc/static/i/pokemon/662-150.avif,,,,,,,,,
663,Talonflame,Fire,724,663,https://pok.gishan.cc/static/i/pokemon/663-150.avif,,,,,,,,,
664,Scatterbug,Bug,725,664,https://pok.gishan.cc/static/i/pokemon/664-150.avif,,,,,,,,,
665,Spewpa,Bug,726,665,https://pok.gishan.cc/static/i/pokemon/665-150.avif,,,,,,,,,
666,Vivillon,Bug,727,666,https://pok.gishan.cc/static/i/pokemon/666-150.avif,,,,,,,,,
667,Litleo,Fire,728,667,https://pok.gishan.cc/static/i/pokemon/667-150.avif,,,,,,,,,
668,Pyroar,Fire,729,668,https://pok.gishan.cc/static/i/pokemon/668-150.avif,,,,,,,,,
669,Flab?b?,Fairy,730,669,https://pok.gishan.cc/static/i/pokemon/669-150.avif,,,,,,,,,
670,Floette,Fairy,731,670,https://pok.gishan.cc/static/i/pokemon/670-150.avif,,,,,,,,,
671,Florges,Fairy,732,671,https://pok.gishan.cc/static/i/pokemon/671-150.avif,,,,,,,,,
672,Skiddo,Grass,733,672,https://pok.gishan.cc/static/i/pokemon/672-150.avif,,,,,,,,,
673,Gogoat,Grass,734,673,https://pok.gishan.cc/static/i/pokemon/673-150.avif,,,,,,,,,
674,Pancham,Fighting,735,674,https://pok.gishan.cc/static/i/pokemon/674-150.avif,,,,,,,,,
675,Pangoro,Fighting,736,675,https://pok.gishan.cc/static/i/pokemon/675-150.avif,,,,,,,,,
676,Furfrou,Normal,737,676,https://pok.gishan.cc/static/i/pokemon/676-150.avif,,,,,,,,,
677,Espurr,Psychic,738,677,https://pok.gishan.cc/static/i/pokemon/677-150.avif,,,,,,,,,
678,MeowsticMale,Psychic,739,678,https://pok.gishan.cc/static/i/pokemon/678-150.avif,,,,,,,,,
678,MeowsticFemale,Psychic,740,678,https://pok.gishan.cc/static/i/pokemon/678-150.avif,,,,,,,,,
679,Honedge,Steel,741,679,https://pok.gishan.cc/static/i/pokemon/679-150.avif,,,,,,,,,
680,Doublade,Steel,742,680,https://pok.gishan.cc/static/i/pokemon/680-150.avif,,,,,,,,,
681,AegislashShield Forme,Steel,743,681,https://pok.gishan.cc/static/i/pokemon/681-150.avif,,,,,,,,,
682,Spritzee,Fairy,744,682,https://pok.gishan.cc/static/i/pokemon/682-150.avif,,,,,,,,,
683,Aromatisse,Fairy,745,683,https://pok.gishan.cc/static/i/pokemon/683-150.avif,,,,,,,,,
684,Swirlix,Fairy,746,684,https://pok.gishan.cc/static/i/pokemon/684-150.avif,,,,,,,,,
685,Slurpuff,Fairy,747,685,https://pok.gishan.cc/static/i/pokemon/685-150.avif,,,,,,,,,
686,Inkay,Dark,748,686,https://pok.gishan.cc/static/i/pokemon/686-150.avif,,,,,,,,,
687,Malamar,Dark,749,687,https://pok.gishan.cc/static/i/pokemon/687-150.avif,,,,,,,,,
688,Binacle,Rock,750,688,https://pok.gishan.cc/static/i/pokemon/688-150.avif,,,,,,,,,
689,Barbaracle,Rock,751,689,https://pok.gishan.cc/static/i/pokemon/689-150.avif,,,,,,,,,
690,Skrelp,Poison,752,690,https://pok.gishan.cc/static/i/pokemon/690-150.avif,,,,,,,,,
691,Dragalge,Poison,753,691,https://pok.gishan.cc/static/i/pokemon/691-150.avif,,,,,,,,,
692,Clauncher,Water,754,692,https://pok.gishan.cc/static/i/pokemon/692-150.avif,,,,,,,,,
693,Clawitzer,Water,755,693,https://pok.gishan.cc/static/i/pokemon/693-150.avif,,,,,,,,,
694,Helioptile,Electric,756,694,https://pok.gishan.cc/static/i/pokemon/694-150.avif,,,,,,,,,
695,Heliolisk,Electric,757,695,https://pok.gishan.cc/static/i/pokemon/695-150.avif,,,,,,,,,
696,Tyrunt,Rock,758,696,https://pok.gishan.cc/static/i/pokemon/696-150.avif,,,,,,,,,
697,Tyrantrum,Rock,759,697,https://pok.gishan.cc/static/i/pokemon/697-150.avif,,,,,,,,,
698,Amaura,Rock,760,698,https://pok.gishan.cc/static/i/pokemon/698-150.avif,,,,,,,,,
699,Aurorus,Rock,761,699,https://pok.gishan.cc/static/i/pokemon/699-150.avif,,,,,,,,,
700,Sylveon,Fairy,762,700,https://pok.gishan.cc/static/i/pokemon/700-150.avif,,,,,,,,,
701,Hawlucha,Fighting,763,701,https://pok.gishan.cc/static/i/pokemon/701-150.avif,,,,,,,,,
702,Dedenne,Electric,764,702,https://pok.gishan.cc/static/i/pokemon/702-150.avif,,,,,,,,,
703,Carbink,Rock,765,703,https://pok.gishan.cc/static/i/pokemon/703-150.avif,,,,,,,,,
704,Goomy,Dragon,766,704,https://pok.gishan.cc/static/i/pokemon/704-150.avif,,,,,,,,,
705,Sliggoo,Dragon,767,705,https://pok.gishan.cc/static/i/pokemon/705-150.avif,,,,,,,,,
706,Goodra,Dragon,768,706,https://pok.gishan.cc/static/i/pokemon/706-150.avif,,,,,,,,,
707,Klefki,Steel,769,707,https://pok.gishan.cc/static/i/pokemon/707-150.avif,,,,,,,,,
708,Phantump,Ghost,770,708,https://pok.gishan.cc/static/i/pokemon/708-150.avif,,,,,,,,,
709,Trevenant,Ghost,771,709,https://pok.gishan.cc/static/i/pokemon/709-150.avif,,,,,,,,,
710,PumpkabooAverage,Ghost,772,710,https://pok.gishan.cc/static/i/pokemon/710-150.avif,,,,,,,,,
711,GourgeistAverage,Ghost,773,711,https://pok.gishan.cc/static/i/pokemon/711-150.avif,,,,,,,,,
712,Bergmite,Ice,774,712,https://pok.gishan.cc/static/i/pokemon/712-150.avif,,,,,,,,,
713,Avalugg,Ice,775,713,https://pok.gishan.cc/static/i/pokemon/713-150.avif,,,,,,,,,
714,Noibat,Flying,776,714,https://pok.gishan.cc/static/i/pokemon/714-150.avif,,,,,,,,,
715,Noivern,Flying,777,715,https://pok.gishan.cc/static/i/pokemon/715-150.avif,,,,,,,,,
716,Xerneas,Fairy,778,716,https://pok.gishan.cc/static/i/pokemon/716-150.avif,,,,,,,,,
717,Yveltal,Dark,779,717,https://pok.gishan.cc/static/i/pokemon/717-150.avif,,,,,,,,,
718,Zygarde50% Forme,Dragon,780,718,https://pok.gishan.cc/static/i/pokemon/718-150.avif,,,,,,,,,
719,Diancie,Rock,781,719,https://pok.gishan.cc/static/i/pokemon/719-150.avif,,,,,,,,,
719,DiancieMega Diancie,Rock,782,719,https://pokemon.gishan.cc/static/i/p/mega-diancie.avif,,,,,,,,,
720,HoopaHoopa Confined,Psychic,783,720,https://pok.gishan.cc/static/i/pokemon/720-150.avif,,,,,,,,,
720,HoopaHoopa Unbound,Psychic,784,720,https://pok.gishan.cc/static/i/pokemon/720-150.avif,,,,,,,,,
721,Volcanion,Fire,785,721,https://pok.gishan.cc/static/i/pokemon/721-150.avif,,,,,,,,,
